Country Name,Country Code,Indicator Name,Indicator Code,1960,1961,1962,1963,1964,1965,1966,1967,1968,1969,1970,1971,1972,1973,1974,1975,1976,1977,1978,1979,1980,1981,1982,1983,1984,1985,1986,1987,1988,1989,1990,1991,1992,1993,1994,1995,1996,1997,1998,1999,2000,2001,2002,2003,2004,2005,2006,2007,2008,2009,2010,2011,2012,2013,2014,2015,2016,2017,2018,2019,2020,2021,2022,2023,
Aruba,ABW,Urban population (% of total population),SP.URB.TOTL.IN.ZS,50.776,50.761,50.746,50.73,50.715,50.7,50.685,50.67,50.654,50.639,50.624,50.609,50.593,50.578,50.563,50.548,50.532,50.517,50.502,50.487,50.472,50.456,50.441,50.426,50.411,50.395,50.38,50.365,50.35,50.335,50.319,50.304,49.998,49.588,49.177,48.767,48.356,47.946,47.536,47.127,46.717,46.339,45.972,45.606,45.24,44.875,44.511,44.147,43.783,43.421,43.059,42.94,42.957,42.99,43.041,43.108,43.192,43.293,43.411,43.546,43.697,43.866,44.052,44.254,
Africa Eastern and Southern,AFE,Urban population (% of total population),SP.URB.TOTL.IN.ZS,14.5766764581838,14.8251752460665,15.0838015294909,15.3630446382495,15.6553833139663,15.9559120897687,16.2693838497471,16.5886566099201,16.9146492015162,17.2513169529071,17.570660582748,17.8951995132772,18.2413899400975,18.5837393625732,18.8988335351986,19.2191926051592,19.540021613309,19.8745750785636,20.2273041497785,20.5659562028733,20.9004895991676,21.2196276716722,21.5313179734841,21.9034538790279,22.3333446629263,22.8005778147925,23.303935569084,23.8053386242273,24.3067250815348,24.8006061562845,25.3087143914043,25.7425655052445,26.166294121751,26.6072939873979,27.0375748984947,27.408217689319,27.685697177495,27.9580826816113,28.2459208135898,28.5328930699047,28.8133608282101,29.1100111724331,29.4238903158695,29.7348697219553,30.0480397812627,30.3809953392876,30.704020023887,30.9582450271517,31.3627828804762,31.7742373050596,32.1955953471221,32.6280688229592,33.052742223393,33.4965565572998,33.9596331101231,34.4472807617476,34.9195443761507,35.3962894579202,35.8933979262181,36.384272287815,36.8840344817359,37.3936325291716,37.9090120211831,38.4248980530256,
Afghanistan,AFG,Urban population (% of total population),SP.URB.TOTL.IN.ZS,8.401,8.684,8.976,9.276,9.586,9.904,10.233,10.57,10.918,11.275,11.643,12.021,12.41,12.809,13.219,13.641,14.074,14.517,14.973,15.442,15.995,16.562,17.147,17.747,18.365,18.997,19.647,20.314,20.998,21.088,21.177,21.266,21.355,21.444,21.534,21.624,21.714,21.805,21.895,21.986,22.078,22.169,22.261,22.353,22.5,22.703,22.907,23.113,23.32,23.528,23.737,23.948,24.16,24.373,24.587,24.803,25.02,25.25,25.495,25.754,26.026,26.314,26.616,26.933,
Africa Western and Central,AFW,Urban population (% of total population),SP.URB.TOTL.IN.ZS,14.7100056707647,15.0944452002782,15.4879321593093,15.9006819021767,16.3313191437528,16.7797929666168,17.2086820093401,17.6528039414976,18.1108169631274,18.581334166958,19.0512294673345,19.5904317059113,20.1453722519045,20.7104274724214,21.2873960816603,21.8739650750028,22.4761711992626,23.0399110280138,23.6047322338928,24.0839185388597,24.5684788743509,25.1762519651618,25.7820092982229,26.3932226254945,27.0345530315856,27.7167226341278,28.3913219271145,29.0577738093022,29.7131261047112,30.3535739546889,30.9600979459977,31.401176906494,31.829515746326,32.2525611054472,32.6617186027523,33.0650904616738,33.4742231035266,33.9298608881715,34.3971425862883,34.8681686492181,35.3416982581812,35.9510346012348,36.5627714477109,37.1831143920223,37.8109522443181,38.4483793654511,39.0946115629788,39.7385907099206,40.3795094007576,41.0233922174474,41.6724226228926,42.3164260992184,42.9568375522776,43.5879525927349,44.2182784910463,44.8490994916973,45.4738502261529,46.0941365580819,46.7097526162217,47.3226173576126,47.9310209575797,48.5319710590465,49.1298079868363,49.7111841247346,
Angola,AGO,Urban population (% of total population),SP.URB.TOTL.IN.ZS,10.435,10.798,11.204,11.624,12.058,12.504,12.965,13.441,13.932,14.436,14.957,15.632,16.455,17.31,18.202,19.128,20.092,21.088,22.122,23.192,24.298,25.437,26.612,27.821,29.065,30.338,31.643,32.978,34.343,35.731,37.144,38.58,40.039,41.511,43,44.169,45.346,46.525,47.71,48.897,50.087,51.274,52.461,53.645,54.827,56,56.764,57.524,58.282,59.034,59.783,60.528,61.268,62.002,62.731,63.446,64.149,64.839,65.514,66.177,66.825,67.46,68.081,68.688,
Albania,ALB,Urban population (% of total population),SP.URB.TOTL.IN.ZS,30.705,30.943,31.015,31.086,31.158,31.23,31.302,31.374,31.446,31.548,31.74,31.933,32.127,32.321,32.516,32.712,32.908,33.105,33.302,33.5,33.762,34.024,34.287,34.552,34.817,35.083,35.35,35.619,35.888,36.158,36.428,36.7,37.249,37.799,38.354,38.911,39.473,40.035,40.601,41.169,41.741,42.435,43.501,44.573,45.651,46.731,47.815,48.902,49.991,51.076,52.163,53.247,54.33,55.387,56.423,57.434,58.421,59.383,60.319,61.229,62.112,62.969,63.799,64.603,
Andorra,AND,Urban population (% of total population),SP.URB.TOTL.IN.ZS,58.45,60.983,63.462,65.872,68.205,70.445,72.593,74.641,76.588,78.424,80.155,81.78,83.301,84.716,86.032,87.252,88.382,89.42,90.378,91.257,92.064,92.8,93.474,94.089,94.649,95.159,95.325,95.178,95.027,94.872,94.712,94.53,94.324,94.111,93.89,93.661,93.425,93.18,92.927,92.666,92.395,92.056,91.641,91.207,90.751,90.285,89.807,89.308,89.004,88.912,88.819,88.726,88.631,88.537,88.441,88.345,88.248,88.15,88.062,87.984,87.916,87.858,87.811,87.774,
Arab World,ARB,Urban population (% of total population),SP.URB.TOTL.IN.ZS,31.0105359618617,31.7271627316738,32.4514422327758,33.1943094437437,33.9559924474805,34.7551858431634,35.5106015377775,36.1563781524639,36.8166015275797,37.4874522853404,38.1638269976052,38.8161050815803,39.4845095019616,40.1313984518828,40.71843728404,41.3013639585173,41.8719644244713,42.4218609524877,42.9389045772965,43.4091946999385,43.901802392722,44.4365438497499,44.9455470896803,45.4645043044695,46.0697109918685,46.6630039113436,47.2606511771604,47.8202887856006,48.3166909160034,48.7878360578099,49.265325548943,49.6479428773218,50.1866641370332,50.6087943973716,50.8912843416396,51.0994592831398,51.3083822593783,51.5511052201292,51.8038910629442,52.0579641108858,52.3262723083108,52.6161793476524,52.9051617965408,53.2051293342866,53.5065936014142,53.8531371963039,54.2288759885801,54.4937880728369,54.9030113257958,55.2960382525499,55.5654925471108,55.8725648894499,56.1657052407112,56.5495371540208,56.9048148917087,57.3250720145106,57.6531027450977,57.8627472124113,58.0104842292073,58.2045421060528,58.4966741305089,58.6629266021441,59.0542670171409,59.4438543814949,
United Arab Emirates,ARE,Urban population (% of total population),SP.URB.TOTL.IN.ZS,73.5,74.383,75.248,76.093,76.919,77.723,78.508,79.272,79.8,79.8,79.8,79.8,79.8,79.8,79.8,79.8,79.903,80.106,80.309,80.51,80.71,80.683,80.466,80.247,80.026,79.804,79.624,79.482,79.339,79.196,79.051,78.906,78.76,78.614,78.467,78.319,78.493,78.938,79.378,79.81,80.236,80.655,81.067,81.472,81.871,82.262,82.648,83.023,83.387,83.742,84.087,84.423,84.749,85.066,85.375,85.674,85.965,86.248,86.522,86.789,87.048,87.299,87.543,87.779,
Argentina,ARG,Urban population (% of total population),SP.URB.TOTL.IN.ZS,73.611,74.217,74.767,75.309,75.844,76.369,76.888,77.398,77.901,78.394,78.88,79.321,79.743,80.158,80.567,80.969,81.366,81.755,82.139,82.516,82.887,83.313,83.759,84.194,84.621,85.038,85.445,85.843,86.233,86.613,86.984,87.328,87.542,87.752,87.96,88.164,88.366,88.564,88.759,88.952,89.142,89.329,89.51,89.686,89.86,90.031,90.2,90.366,90.53,90.691,90.849,90.99,91.121,91.249,91.377,91.503,91.627,91.749,91.87,91.991,92.111,92.229,92.347,92.463,
Armenia,ARM,Urban population (% of total population),SP.URB.TOTL.IN.ZS,51.275,52.147,53.019,53.889,54.758,55.622,56.483,57.341,58.195,59.042,59.864,60.657,61.445,62.225,63,63.611,64.219,64.821,65.419,65.839,66.05,66.259,66.467,66.675,66.883,67.09,67.296,67.501,67.706,67.69,67.421,67.15,66.878,66.606,66.332,66.057,65.781,65.504,65.226,64.947,64.666,64.385,64.236,64.137,64.038,63.938,63.839,63.739,63.64,63.54,63.44,63.34,63.24,63.164,63.112,63.085,63.082,63.103,63.149,63.219,63.313,63.431,63.573,63.739,
American Samoa,ASM,Urban population (% of total population),SP.URB.TOTL.IN.ZS,66.211,66.641,67.068,67.493,67.916,68.334,68.75,69.163,69.574,69.98,70.384,70.784,71.182,71.576,71.967,72.354,72.739,73.12,73.497,73.871,74.33,75.043,75.743,76.429,77.103,77.762,78.408,79.04,79.659,80.263,80.948,81.886,82.789,83.654,84.485,85.28,86.043,86.771,87.467,88.131,88.587,88.491,88.394,88.297,88.198,88.1,88,87.9,87.799,87.697,87.594,87.502,87.42,87.348,87.288,87.238,87.198,87.17,87.153,87.147,87.153,87.169,87.196,87.235,
Antigua and Barbuda,ATG,Urban population (% of total population),SP.URB.TOTL.IN.ZS,39.656,39.04,38.427,37.817,37.211,36.61,36.012,35.418,34.829,34.245,33.819,33.898,33.978,34.057,34.137,34.217,34.297,34.377,34.457,34.538,34.618,34.698,34.779,34.86,34.94,35.021,35.102,35.183,35.264,35.345,35.426,35.465,35.085,34.709,34.334,33.961,33.59,33.221,32.855,32.49,32.127,31.74,31.098,30.464,29.837,29.218,28.606,28.002,27.405,26.818,26.238,25.703,25.526,25.35,25.175,25,24.846,24.713,24.599,24.506,24.433,24.38,24.346,24.332,
Australia,AUS,Urban population (% of total population),SP.URB.TOTL.IN.ZS,81.529,81.941,82.228,82.511,82.792,83.068,83.34,83.507,83.672,83.836,83.999,84.16,84.32,84.478,84.636,84.792,84.947,85.1,85.252,85.403,85.552,85.7,85.67,85.641,85.611,85.582,85.552,85.522,85.493,85.463,85.433,85.403,85.285,85.157,85.028,84.898,84.767,84.636,84.503,84.37,84.235,84.1,84.222,84.343,84.463,84.582,84.7,84.822,84.943,85.063,85.182,85.3,85.402,85.502,85.602,85.701,85.8,85.904,86.012,86.124,86.241,86.362,86.488,86.617,
Austria,AUT,Urban population (% of total population),SP.URB.TOTL.IN.ZS,64.72,64.814,64.863,64.913,64.962,65.011,65.061,65.11,65.159,65.208,65.258,65.301,65.311,65.321,65.331,65.341,65.351,65.361,65.371,65.381,65.391,65.364,65.1,64.836,64.57,64.305,64.037,63.769,63.5,63.231,62.96,62.689,62.417,62.144,61.87,61.596,61.32,61.045,60.768,60.491,60.213,59.934,59.655,59.375,59.094,58.813,58.532,58.249,57.966,57.683,57.399,57.115,57.147,57.336,57.526,57.715,57.905,58.094,58.297,58.515,58.748,58.995,59.256,59.53,
Azerbaijan,AZE,Urban population (% of total population),SP.URB.TOTL.IN.ZS,52.663,52.364,52.064,51.764,51.464,51.164,50.864,50.564,50.263,49.963,50.008,50.462,50.917,51.371,51.698,51.897,52.096,52.294,52.492,52.655,52.777,52.897,53.018,53.139,53.299,53.498,53.697,53.895,54.094,54.057,53.749,53.441,53.132,52.824,52.515,52.206,51.896,51.588,51.278,51.185,51.386,51.587,51.787,51.988,52.189,52.389,52.589,52.79,52.99,53.19,53.406,53.637,53.883,54.145,54.422,54.714,55.021,55.343,55.68,56.031,56.397,56.776,57.17,57.577,
Burundi,BDI,Urban population (% of total population),SP.URB.TOTL.IN.ZS,2.077,2.115,2.154,2.193,2.233,2.294,2.395,2.501,2.611,2.726,2.845,2.97,3.101,3.236,3.377,3.525,3.678,3.838,4.005,4.178,4.339,4.503,4.674,4.85,5.033,5.221,5.417,5.62,5.83,6.047,6.271,6.455,6.637,6.823,7.014,7.211,7.412,7.618,7.83,8.036,8.246,8.461,8.682,8.908,9.139,9.375,9.617,9.864,10.118,10.376,10.642,10.915,11.194,11.482,11.776,12.078,12.388,12.706,13.032,13.366,13.708,14.058,14.417,14.784,
Belgium,BEL,Urban population (% of total population),SP.URB.TOTL.IN.ZS,92.46,92.554,92.679,92.835,92.988,93.137,93.284,93.428,93.569,93.707,93.843,93.976,94.106,94.233,94.358,94.48,94.6,94.806,95.005,95.196,95.381,95.535,95.637,95.737,95.835,95.93,96.023,96.115,96.204,96.292,96.377,96.461,96.542,96.622,96.7,96.777,96.851,96.924,96.996,97.065,97.129,97.186,97.241,97.296,97.35,97.403,97.454,97.505,97.555,97.603,97.651,97.698,97.744,97.789,97.833,97.876,97.919,97.961,98.001,98.041,98.079,98.117,98.153,98.189,
Benin,BEN,Urban population (% of total population),SP.URB.TOTL.IN.ZS,9.275,9.856,10.47,11.118,11.801,12.519,13.275,14.069,14.903,15.776,16.691,17.647,18.648,19.689,20.775,21.904,23.079,24.293,25.552,26.676,27.339,28.01,28.692,29.384,30.086,30.796,31.517,32.246,32.985,33.73,34.485,35.247,35.827,36.136,36.447,36.758,37.071,37.385,37.699,38.015,38.333,38.65,39.036,39.536,40.039,40.543,41.049,41.558,42.069,42.58,43.093,43.608,44.125,44.642,45.166,45.695,46.229,46.768,47.312,47.861,48.415,48.972,49.534,50.1,
Burkina Faso,BFA,Urban population (% of total population),SP.URB.TOTL.IN.ZS,4.7,4.796,4.893,4.993,5.095,5.198,5.303,5.411,5.52,5.632,5.746,5.861,5.98,6.1,6.222,6.347,6.668,7.151,7.668,8.218,8.805,9.428,10.091,10.796,11.544,12.334,12.832,13.072,13.316,13.563,13.815,14.07,14.33,14.593,14.86,15.131,15.407,15.875,16.51,17.166,17.844,18.54,19.258,19.996,20.757,21.537,22.339,22.996,23.534,24.079,24.633,25.196,25.767,26.346,26.934,27.53,28.134,28.743,29.358,29.98,30.607,31.24,31.877,32.52,
Bangladesh,BGD,Urban population (% of total population),SP.URB.TOTL.IN.ZS,5.135,5.278,5.498,5.727,5.964,6.211,6.467,6.733,7.009,7.296,7.593,7.901,8.221,8.553,9.034,9.836,10.701,11.63,12.629,13.701,14.851,15.801,16.212,16.631,17.06,17.496,17.941,18.395,18.859,19.33,19.811,20.257,20.61,20.966,21.328,21.693,22.064,22.438,22.818,23.202,23.59,24.096,24.756,25.429,26.114,26.809,27.517,28.237,28.968,29.709,30.462,31.225,31.993,32.762,33.535,34.308,35.083,35.858,36.632,37.405,38.177,38.946,39.711,40.473,
Bulgaria,BGR,Urban population (% of total population),SP.URB.TOTL.IN.ZS,37.1,38.782,40.494,42.23,43.987,45.755,47.233,48.499,49.768,51.034,52.3,53.36,54.419,55.471,56.519,57.562,58.526,59.428,60.326,61.216,62.1,62.603,63.104,63.603,64.099,64.59,64.999,65.346,65.692,66.035,66.377,66.717,67.056,67.33,67.557,67.782,68.007,68.231,68.454,68.677,68.899,69.166,69.524,69.879,70.233,70.584,70.932,71.278,71.622,71.963,72.302,72.638,72.975,73.313,73.651,73.99,74.329,74.669,75.008,75.347,75.686,76.025,76.363,76.701,
Bahrain,BHR,Urban population (% of total population),SP.URB.TOTL.IN.ZS,82.32,82.337,82.355,82.372,82.389,82.5,82.761,83.019,83.275,83.526,83.775,84.021,84.265,84.504,84.741,84.975,85.206,85.434,85.659,85.882,86.101,86.317,86.531,86.742,86.95,87.155,87.357,87.557,87.754,87.949,88.14,88.329,88.398,88.395,88.392,88.388,88.385,88.382,88.379,88.376,88.372,88.369,88.373,88.383,88.399,88.422,88.452,88.488,88.53,88.579,88.634,88.695,88.762,88.835,88.915,88.999,89.09,89.186,89.287,89.394,89.506,89.622,89.743,89.869,
"Bahamas, The",BHS,Urban population (% of total population),SP.URB.TOTL.IN.ZS,59.712,60.454,61.193,61.926,62.642,63.343,64.04,64.73,65.416,66.093,66.764,67.429,68.088,68.738,69.381,70.017,70.647,71.266,71.879,72.484,73.102,73.843,74.571,75.285,75.987,76.674,77.347,78.007,78.654,79.284,79.838,80.067,80.293,80.518,80.74,80.961,81.18,81.396,81.611,81.824,82.007,82.049,82.092,82.134,82.176,82.218,82.26,82.302,82.343,82.385,82.427,82.476,82.532,82.596,82.668,82.746,82.832,82.925,83.025,83.132,83.245,83.365,83.492,83.625,
Bosnia and Herzegovina,BIH,Urban population (% of total population),SP.URB.TOTL.IN.ZS,19.04,19.686,20.437,21.209,22.004,22.817,23.652,24.509,25.387,26.283,27.201,28.094,28.875,29.666,30.471,31.288,32.118,32.957,33.808,34.67,35.543,36.282,36.607,36.933,37.261,37.589,37.919,38.25,38.583,38.915,39.249,39.578,39.887,40.196,40.506,40.817,41.13,41.442,41.755,42.069,42.384,42.698,43.014,43.33,43.648,43.965,44.282,44.601,44.92,45.239,45.558,45.878,46.199,46.519,46.84,47.173,47.518,47.876,48.245,48.626,49.02,49.425,49.841,50.269,
Belarus,BLR,Urban population (% of total population),SP.URB.TOTL.IN.ZS,32.401,33.522,34.663,35.822,37,38.127,39.269,40.422,41.588,42.76,44.01,45.349,46.697,48.046,49.4,50.614,51.829,53.039,54.247,55.402,56.498,57.584,58.664,59.736,60.8,61.833,62.857,63.87,64.872,65.585,65.981,66.374,66.766,67.155,67.541,67.926,68.308,68.687,69.064,69.482,69.973,70.458,70.939,71.415,71.887,72.354,72.816,73.273,73.726,74.172,74.672,75.188,75.697,76.199,76.693,77.181,77.661,78.134,78.595,79.044,79.483,79.91,80.326,80.731,
Belize,BLZ,Urban population (% of total population),SP.URB.TOTL.IN.ZS,54.028,53.72,53.41,53.101,52.79,52.481,52.17,51.86,51.549,51.238,50.963,50.805,50.646,50.488,50.329,50.171,50.012,49.854,49.695,49.537,49.374,49.183,48.992,48.801,48.61,48.419,48.228,48.037,47.846,47.655,47.465,47.271,47.059,46.848,46.637,46.425,46.214,46.003,45.793,45.582,45.398,45.381,45.364,45.347,45.33,45.313,45.296,45.279,45.262,45.245,45.228,45.228,45.246,45.282,45.335,45.406,45.495,45.601,45.724,45.866,46.025,46.201,46.396,46.608,
Bermuda,BMU,Urban population (% of total population),SP.URB.TOTL.IN.ZS,100,100,100,100,100,100,100,100,100,100,100,100,100,100,100,100,100,100,100,100,100,100,100,100,100,100,100,100,100,100,100,100,100,100,100,100,100,100,100,100,100,100,100,100,100,100,100,100,100,100,100,100,100,100,100,100,100,100,100,100,100,100,100,100,
Bolivia,BOL,Urban population (% of total population),SP.URB.TOTL.IN.ZS,36.762,37.059,37.357,37.656,37.957,38.257,38.559,38.862,39.166,39.47,39.776,40.082,40.389,40.696,41.004,41.314,41.624,42.446,43.442,44.443,45.451,46.459,47.472,48.486,49.504,50.519,51.535,52.549,53.563,54.571,55.577,56.579,57.541,58.079,58.615,59.15,59.682,60.212,60.739,61.264,61.787,62.306,62.783,63.248,63.711,64.17,64.628,65.082,65.535,65.984,66.43,66.874,67.315,67.699,68.047,68.393,68.738,69.08,69.425,69.773,70.123,70.475,70.83,71.186,
Brazil,BRA,Urban population (% of total population),SP.URB.TOTL.IN.ZS,46.139,47.122,48.099,49.078,50.059,51.037,52.016,52.993,53.97,54.94,55.909,56.894,57.879,58.855,59.826,60.789,61.745,62.689,63.625,64.551,65.468,66.37,67.262,68.142,69.01,69.862,70.703,71.529,72.342,73.139,73.922,74.69,75.444,76.181,76.903,77.61,78.302,79.048,79.781,80.496,81.192,81.553,81.88,82.203,82.521,82.834,83.143,83.448,83.749,84.044,84.335,84.631,84.923,85.209,85.492,85.77,86.042,86.309,86.569,86.824,87.073,87.317,87.555,87.788,
Barbados,BRB,Urban population (% of total population),SP.URB.TOTL.IN.ZS,36.777,36.849,36.922,36.995,37.068,37.141,37.214,37.287,37.36,37.433,37.55,37.809,38.07,38.331,38.592,38.855,39.118,39.381,39.646,39.91,40.102,39.828,39.554,39.28,39.007,38.736,38.464,38.194,37.923,37.654,37.37,37.006,36.643,36.283,35.924,35.566,35.21,34.856,34.503,34.152,33.827,33.629,33.431,33.234,33.037,32.841,32.646,32.451,32.256,32.063,31.87,31.7,31.553,31.429,31.328,31.249,31.193,31.159,31.147,31.158,31.191,31.246,31.324,31.425,
Brunei Darussalam,BRN,Urban population (% of total population),SP.URB.TOTL.IN.ZS,43.401,45.228,47.07,48.92,50.776,52.625,54.469,56.3,58.118,59.908,61.675,63.412,63.736,63.889,64.041,64.193,64.345,64.496,64.647,64.798,64.949,65.099,65.249,65.399,65.548,65.697,65.846,65.994,66.143,66.29,66.438,66.585,67.078,67.604,68.126,68.644,69.158,69.666,70.17,70.669,71.164,71.652,72.046,72.421,72.794,73.163,73.529,73.892,74.252,74.608,74.961,75.31,75.656,75.997,76.332,76.663,76.99,77.312,77.629,77.942,78.25,78.554,78.854,79.149,
Bhutan,BTN,Urban population (% of total population),SP.URB.TOTL.IN.ZS,3.596,3.792,3.999,4.217,4.446,4.687,4.94,5.207,5.487,5.781,6.089,6.413,6.754,7.11,7.484,7.876,8.288,8.717,9.168,9.639,10.132,10.646,11.184,11.745,12.332,12.941,13.577,14.24,14.929,15.645,16.388,17.161,17.962,18.791,19.649,20.537,21.456,22.401,23.377,24.383,25.418,26.48,27.57,28.688,29.835,30.965,31.712,32.469,33.236,34.01,34.793,35.585,36.371,37.149,37.918,38.678,39.428,40.167,40.895,41.612,42.316,43.008,43.686,44.35,
Botswana,BWA,Urban population (% of total population),SP.URB.TOTL.IN.ZS,3.06,3.097,3.134,3.171,3.318,3.839,4.437,5.124,5.912,6.81,7.834,8.998,9.695,10.381,11.11,11.884,12.705,13.572,14.489,15.457,16.479,17.552,19.489,21.723,24.139,26.724,29.483,32.401,35.467,38.648,41.933,45.292,46.443,47.286,48.133,48.981,49.83,50.677,51.525,52.372,53.219,54.062,54.57,55.029,55.488,55.944,56.4,57.928,59.444,60.937,62.412,63.865,64.768,65.572,66.368,67.155,67.933,68.7,69.446,70.172,70.877,71.56,72.224,72.867,
Central African Republic,CAF,Urban population (% of total population),SP.URB.TOTL.IN.ZS,20.1,20.751,21.418,22.1,22.803,23.519,24.252,25,25.815,26.645,27.492,28.356,29.238,30.133,31.045,31.971,32.575,32.897,33.221,33.546,33.874,34.202,34.532,34.864,35.198,35.532,35.868,36.206,36.545,36.744,36.825,36.906,36.987,37.068,37.149,37.231,37.312,37.394,37.475,37.557,37.639,37.72,37.802,37.884,37.966,38.069,38.193,38.339,38.506,38.694,38.904,39.135,39.388,39.663,39.959,40.277,40.618,40.98,41.364,41.77,42.198,42.648,43.12,43.614,
Canada,CAN,Urban population (% of total population),SP.URB.TOTL.IN.ZS,69.061,69.668,70.494,71.307,72.107,72.892,73.642,74.155,74.662,75.161,75.654,76.09,75.971,75.851,75.731,75.611,75.503,75.543,75.583,75.623,75.663,75.712,75.874,76.035,76.195,76.354,76.502,76.522,76.542,76.562,76.582,76.62,76.887,77.152,77.414,77.675,77.951,78.34,78.724,79.103,79.478,79.81,79.888,79.967,80.045,80.122,80.213,80.396,80.578,80.758,80.937,81.096,81.137,81.178,81.218,81.259,81.3,81.35,81.411,81.482,81.562,81.653,81.752,81.862,
Central Europe and the Baltics,CEB,Urban population (% of total population),SP.URB.TOTL.IN.ZS,44.5078927143901,45.2073380737434,45.8673685184926,46.5349208922556,47.2096938544833,47.8811300334192,48.5053962787204,49.0678064582325,49.6385039398769,50.2151529138456,50.7802761867639,51.42665617342,52.1464689909273,52.8659583318729,53.5854300539643,54.2944661807973,54.9922544596698,55.705067734602,56.4342763597897,57.1040579349994,57.7061245226969,58.1639538621763,58.5586325178097,58.9553448854662,59.352577733088,59.7467078553134,60.1311095024751,60.5096673205319,60.8917273850056,61.1831392886694,61.3918489105076,61.6033123693989,61.6934193330696,61.6652386515616,61.6367536015157,61.6092306125598,61.5872476575534,61.5631779443045,61.534018233525,61.5050697885992,61.4761873574983,61.4954533010999,61.5557607471992,61.6021556919924,61.6481810490578,61.7026922241905,61.7638954455271,61.8418454287671,61.9245405466205,61.9860468760089,62.0260650244197,62.0639344852313,62.0822319020891,62.0981552953108,62.1158465865466,62.1436813014963,62.1882748434431,62.2529741780182,62.3388759895791,62.4440252566921,62.5680051531236,62.7098871574195,62.8637786019282,63.0354532399767,
Switzerland,CHE,Urban population (% of total population),SP.URB.TOTL.IN.ZS,70.924,71.243,71.539,71.834,72.127,72.417,72.706,72.993,73.279,73.561,73.843,73.992,74.046,74.1,74.154,74.208,74.262,74.316,74.37,74.424,74.477,74.466,74.406,74.346,74.286,74.227,74.167,74.107,74.046,73.986,73.926,73.869,73.815,73.762,73.708,73.654,73.6,73.546,73.492,73.438,73.383,73.375,73.401,73.427,73.452,73.478,73.504,73.53,73.556,73.581,73.607,73.631,73.653,73.674,73.696,73.718,73.739,73.761,73.797,73.849,73.915,73.996,74.092,74.202,
Channel Islands,CHI,Urban population (% of total population),SP.URB.TOTL.IN.ZS,38.7,38.436,38.172,37.909,37.646,37.385,37.124,36.864,36.604,36.346,36.088,35.803,35.394,34.989,34.585,34.183,33.783,33.387,32.992,32.599,32.209,31.909,31.89,31.871,31.851,31.832,31.813,31.707,31.602,31.497,31.392,31.262,31.076,30.891,30.706,30.522,30.4,30.416,30.432,30.449,30.465,30.495,30.557,30.619,30.681,30.743,30.805,30.867,30.929,30.992,31.054,31.091,31.059,31.027,30.995,30.962,30.93,30.914,30.914,30.931,30.963,31.012,31.077,31.159,
Chile,CHL,Urban population (% of total population),SP.URB.TOTL.IN.ZS,67.836,68.66,69.435,70.2,70.955,71.696,72.427,73.146,73.854,74.547,75.227,75.883,76.528,77.159,77.778,78.386,78.982,79.565,80.136,80.695,81.243,81.778,82.226,82.359,82.492,82.624,82.755,82.885,83.014,83.143,83.271,83.398,83.564,83.896,84.223,84.545,84.861,85.172,85.477,85.778,86.073,86.363,86.606,86.665,86.725,86.783,86.842,86.9,86.959,87.017,87.074,87.132,87.189,87.246,87.303,87.36,87.422,87.49,87.564,87.643,87.727,87.817,87.912,88.012,
China,CHN,Urban population (% of total population),SP.URB.TOTL.IN.ZS,16.203,16.708,17.226,17.757,18.299,18.086,17.915,17.785,17.656,17.528,17.4,17.292,17.184,17.184,17.292,17.4,17.46,17.52,17.9,18.617,19.358,20.118,20.902,21.545,22.203,22.874,23.559,24.259,24.974,25.701,26.442,27.312,28.2,29.103,30.024,30.961,31.916,32.883,33.867,34.865,35.877,37.093,38.425,39.776,41.144,42.522,43.868,45.199,46.539,47.88,49.226,50.511,51.765,53.013,54.259,55.5,56.736,57.96,59.152,60.308,61.428,62.512,63.56,64.57,
Cote d'Ivoire,CIV,Urban population (% of total population),SP.URB.TOTL.IN.ZS,17.679,18.911,20.21,21.575,23.007,24.5,25.206,25.926,26.659,27.404,28.163,28.934,29.719,30.513,31.321,32.229,33.594,34.983,36.4,36.614,36.829,37.044,37.26,37.476,37.693,37.91,38.127,38.346,38.608,38.976,39.345,39.716,40.088,40.461,40.835,41.21,41.587,41.964,42.342,42.741,43.155,43.568,43.983,44.399,44.817,45.234,45.652,46.071,46.491,46.91,47.33,47.751,48.172,48.593,49.014,49.444,49.881,50.326,50.779,51.239,51.706,52.18,52.661,53.149,
Cameroon,CMR,Urban population (% of total population),SP.URB.TOTL.IN.ZS,13.937,14.488,15.058,15.647,16.255,16.88,17.525,18.19,18.875,19.577,20.3,21.584,22.927,24.324,25.78,27.292,28.678,29.469,30.274,31.091,31.921,32.761,33.613,34.476,35.35,36.232,37.124,37.941,38.511,39.082,39.657,40.235,40.817,41.399,41.985,42.573,43.164,43.755,44.348,44.944,45.542,46.139,46.738,47.338,47.94,48.541,49.143,49.746,50.35,50.954,51.559,52.164,52.769,53.373,53.976,54.578,55.179,55.777,56.374,56.968,57.56,58.148,58.733,59.315,
"Congo, Dem. Rep.",COD,Urban population (% of total population),SP.URB.TOTL.IN.ZS,22.3,22.523,22.749,22.976,23.204,23.434,23.666,23.899,24.134,24.37,24.608,24.847,25.089,25.331,25.575,25.821,26.068,26.317,26.567,26.819,27.072,27.327,27.583,27.84,28.1,28.513,28.93,29.35,29.775,30.202,30.633,31.067,31.506,31.946,32.39,32.838,33.289,33.742,34.199,34.659,35.122,35.587,36.055,36.526,37,37.481,37.971,38.47,38.976,39.491,40.013,40.544,41.082,41.627,42.18,42.74,43.307,43.88,44.46,45.046,45.638,46.235,46.837,47.444,
"Congo, Rep.",COG,Urban population (% of total population),SP.URB.TOTL.IN.ZS,31.601,32.318,33.045,33.78,34.524,35.273,36.031,36.796,37.569,38.345,39.129,39.919,40.715,41.514,42.357,43.264,44.177,45.091,46.01,46.932,47.857,48.781,49.707,50.633,51.56,52.221,52.642,53.064,53.485,53.905,54.324,54.743,55.162,55.58,55.996,56.413,56.832,57.299,57.766,58.231,58.695,59.156,59.617,60.076,60.533,60.988,61.441,61.893,62.346,62.8,63.256,63.712,64.169,64.627,65.085,65.543,66.001,66.459,66.916,67.373,67.829,68.283,68.736,69.188,
Colombia,COL,Urban population (% of total population),SP.URB.TOTL.IN.ZS,46.268,47.702,49.143,50.584,52.027,52.82,53.587,54.352,55.117,55.877,56.635,57.39,58.143,58.89,59.607,60.306,61.003,61.693,62.379,63.061,63.738,64.408,65.073,65.733,66.387,67.034,67.566,68.051,68.532,69.008,69.481,69.949,70.415,70.874,71.328,71.777,72.223,72.662,73.098,73.53,73.957,74.379,74.797,75.211,75.62,76.024,76.423,76.816,77.204,77.587,77.964,78.335,78.701,79.061,79.415,79.764,80.108,80.446,80.778,81.104,81.425,81.74,82.05,82.354,
Comoros,COM,Urban population (% of total population),SP.URB.TOTL.IN.ZS,12.551,13.348,14.189,15.074,16.004,16.978,18,18.34,18.685,19.035,19.39,19.75,20.115,20.484,20.859,21.239,21.625,22.014,22.41,22.81,23.215,23.649,24.095,24.548,25.006,25.469,25.938,26.413,26.893,27.378,27.869,28.366,28.435,28.39,28.346,28.301,28.257,28.213,28.168,28.124,28.08,28.036,27.992,27.947,27.903,27.875,27.863,27.867,27.886,27.921,27.973,28.04,28.123,28.223,28.338,28.47,28.619,28.784,28.965,29.164,29.38,29.613,29.864,30.132,
Cabo Verde,CPV,Urban population (% of total population),SP.URB.TOTL.IN.ZS,16.679,16.948,17.224,17.503,17.787,18.073,18.363,18.657,18.954,19.255,19.559,19.9,20.272,20.649,21.031,21.419,21.812,22.209,22.612,23.02,23.518,24.995,26.535,28.133,29.792,31.5,33.885,36.355,38.902,41.504,44.12,45.044,45.973,46.902,47.834,48.768,49.704,50.637,51.572,52.505,53.435,54.291,55.146,55.997,56.846,57.689,58.529,59.363,60.194,61.016,61.821,62.322,62.821,63.317,63.81,64.3,64.784,65.261,65.732,66.195,66.652,67.102,67.545,67.982,
Costa Rica,CRI,Urban population (% of total population),SP.URB.TOTL.IN.ZS,34.254,34.329,34.404,34.606,35.197,35.791,36.39,36.993,37.601,38.212,38.827,39.445,40.068,40.655,41.002,41.349,41.698,42.046,42.396,42.747,43.099,43.45,43.803,44.156,44.542,45.445,46.353,47.264,48.177,49.089,50.003,50.917,51.832,52.743,53.653,54.561,55.467,56.367,57.264,58.157,59.052,60.41,61.753,63.08,64.388,65.672,66.935,68.174,69.39,70.575,71.736,72.868,73.946,74.97,75.941,76.862,77.735,78.56,79.34,80.076,80.771,81.425,82.042,82.622,
Caribbean small states,CSS,Urban population (% of total population),SP.URB.TOTL.IN.ZS,36.4057252056577,36.6008355983677,36.818283604461,37.0507607205999,37.2615136696974,37.4295773272578,37.6019496038428,37.7776373050597,37.9548741043771,38.1270727609953,38.3044500754199,38.5284222285907,38.9544491319835,39.5813262521986,40.1989663898327,40.8097888523208,41.4121483508131,41.9994914219532,42.5717552259284,43.1260839207046,43.6667061575705,43.7909614517719,43.9513470699549,44.1272170488414,44.3210802782994,44.5328107488721,44.7545348565352,44.9731973302137,45.2032235900258,45.4458077539829,45.6619866340151,45.7823019861781,45.7982257889504,45.8032408670749,45.8153689343214,45.8589258993709,45.918956476322,45.9782636416172,46.0375127405338,46.0959515150424,46.1614288819646,46.2330574731732,46.2426613692573,46.2208378733619,46.1779100731247,46.1025967442887,46.0373037180381,45.9832177995448,45.9301687606675,45.8810734769862,45.8463121328075,45.8636628992916,45.9293895120057,45.9796788221279,46.0395441450318,46.101781325771,46.1659213928456,46.2373572113306,46.2088839898113,46.242044728917,46.3863382703163,46.4808018626376,46.6086762119173,46.7702706882452,
Cuba,CUB,Urban population (% of total population),SP.URB.TOTL.IN.ZS,58.401,58.588,58.776,58.963,59.15,59.337,59.523,59.709,59.895,60.081,60.266,60.976,61.8,62.614,63.423,64.224,65.018,65.802,66.579,67.346,68.106,68.853,69.414,69.925,70.433,70.933,71.43,71.921,72.408,72.888,73.364,73.676,73.827,73.977,74.127,74.277,74.426,74.618,74.855,75.089,75.323,75.555,75.785,75.947,76.041,76.134,76.227,76.32,76.413,76.505,76.597,76.689,76.781,76.827,76.861,76.896,76.93,76.977,77.037,77.109,77.194,77.292,77.401,77.523,
Curacao,CUW,Urban population (% of total population),SP.URB.TOTL.IN.ZS,74.71,75.102,75.49,75.875,76.255,76.631,77.003,77.37,77.734,78.093,78.448,78.799,79.146,79.488,79.827,80.161,80.491,80.817,81.138,81.456,81.769,82.078,82.383,82.684,82.982,83.274,83.563,83.848,84.129,84.405,84.678,84.947,85.444,86.224,86.969,87.68,88.358,89.002,89.615,90.198,90.752,91.011,90.894,90.775,90.655,90.534,90.411,90.287,90.161,90.034,89.905,89.775,89.654,89.544,89.443,89.352,89.272,89.203,89.145,89.098,89.062,89.038,89.025,89.023,
Cayman Islands,CYM,Urban population (% of total population),SP.URB.TOTL.IN.ZS,100,100,100,100,100,100,100,100,100,100,100,100,100,100,100,100,100,100,100,100,100,100,100,100,100,100,100,100,100,100,100,100,100,100,100,100,100,100,100,100,100,100,100,100,100,100,100,100,100,100,100,100,100,100,100,100,100,100,100,100,100,100,100,100,
Cyprus,CYP,Urban population (% of total population),SP.URB.TOTL.IN.ZS,35.628,36.175,36.674,37.176,37.681,38.188,38.698,39.21,39.726,40.242,40.761,41.283,41.807,42.757,45.007,47.277,49.563,51.843,54.119,56.378,58.614,60.809,62.964,63.822,64.252,64.678,65.102,65.524,65.945,66.361,66.776,67.188,67.598,67.792,67.915,68.038,68.161,68.283,68.405,68.527,68.648,68.769,68.694,68.553,68.41,68.268,68.125,67.982,67.839,67.695,67.551,67.406,67.261,67.137,67.031,66.946,66.881,66.836,66.81,66.805,66.821,66.856,66.911,66.987,
Czechia,CZE,Urban population (% of total population),SP.URB.TOTL.IN.ZS,59.548,60.063,60.555,61.044,61.532,62.016,62.498,62.978,63.456,63.93,64.402,65.295,66.484,67.649,68.794,69.917,71.018,72.092,73.142,74.167,75.167,75.481,75.452,75.423,75.394,75.365,75.336,75.307,75.278,75.249,75.22,75.158,75.03,74.901,74.772,74.643,74.513,74.382,74.251,74.12,73.988,73.877,73.809,73.74,73.671,73.602,73.533,73.463,73.394,73.324,73.255,73.185,73.197,73.29,73.384,73.477,73.57,73.675,73.792,73.921,74.061,74.214,74.377,74.552,
Germany,DEU,Urban population (% of total population),SP.URB.TOTL.IN.ZS,71.384,71.697,71.762,71.826,71.891,71.955,72.019,72.083,72.147,72.211,72.274,72.332,72.389,72.446,72.503,72.56,72.617,72.674,72.73,72.787,72.844,72.989,73.107,73.103,72.943,72.711,72.617,72.836,72.999,72.976,73.118,73.269,73.36,73.497,73.71,73.922,74.133,74.342,74.551,74.758,74.965,75.17,75.374,75.577,75.779,75.98,76.179,76.378,76.575,76.771,76.966,77.16,77.17,77.18,77.19,77.2,77.224,77.261,77.312,77.376,77.453,77.544,77.648,77.765,
Djibouti,DJI,Urban population (% of total population),SP.URB.TOTL.IN.ZS,50.325,51.448,52.619,53.787,54.952,56.109,57.26,58.404,59.54,60.664,61.777,62.878,63.968,65.04,66.099,67.142,68.17,69.178,70.169,71.141,72.096,73.028,73.942,74.504,74.715,74.925,75.134,75.341,75.548,75.753,75.957,76.114,76.161,76.207,76.254,76.3,76.347,76.393,76.439,76.485,76.532,76.578,76.624,76.67,76.716,76.761,76.807,76.853,76.899,76.944,76.999,77.064,77.138,77.222,77.314,77.417,77.528,77.648,77.777,77.915,78.062,78.217,78.38,78.552,
Dominica,DMA,Urban population (% of total population),SP.URB.TOTL.IN.ZS,37.846,37.912,37.979,38.046,38.113,38.18,38.247,38.314,38.381,38.448,38.683,39.47,40.264,41.061,41.864,42.671,43.484,44.297,45.115,45.935,46.759,47.793,49.524,51.257,52.99,54.71,56.422,58.118,59.798,61.45,63.079,64.482,64.569,64.656,64.744,64.831,64.918,65.005,65.092,65.179,65.265,65.382,65.689,65.994,66.299,66.601,66.903,67.203,67.502,67.799,68.094,68.389,68.685,68.982,69.28,69.579,69.88,70.181,70.483,70.786,71.09,71.395,71.7,72.006,
Denmark,DNK,Urban population (% of total population),SP.URB.TOTL.IN.ZS,73.687,74.417,75.093,75.757,76.409,77.048,77.619,78.163,78.698,79.222,79.737,80.239,80.731,81.211,81.683,82.146,82.6,82.886,83.169,83.448,83.723,83.915,84.025,84.134,84.243,84.351,84.458,84.565,84.671,84.777,84.843,84.871,84.898,84.925,84.952,84.979,85.006,85.033,85.06,85.086,85.1,85.15,85.25,85.36,85.566,85.856,86.098,86.293,86.487,86.654,86.795,86.957,87.142,87.292,87.41,87.526,87.642,87.757,87.874,87.994,88.116,88.24,88.367,88.495,
Dominican Republic,DOM,Urban population (% of total population),SP.URB.TOTL.IN.ZS,30.191,31.112,32.074,33.052,34.046,35.052,36.073,37.106,38.153,39.207,40.274,41.351,42.437,43.527,44.626,45.729,46.838,47.948,49.061,50.175,51.29,52.401,53.05,53.323,53.596,53.868,54.14,54.412,54.684,54.955,55.226,55.497,55.767,56.037,56.752,57.598,58.441,59.276,60.107,60.933,61.753,62.565,63.371,64.605,66.003,67.37,68.71,70.02,71.3,72.542,73.753,74.827,75.802,76.749,77.67,78.566,79.436,80.277,81.074,81.828,82.54,83.213,83.848,84.446,
Algeria,DZA,Urban population (% of total population),SP.URB.TOTL.IN.ZS,30.51,31.797,33.214,34.662,36.141,37.643,38.84,39.004,39.169,39.334,39.5,39.665,39.831,39.997,40.163,40.33,40.497,40.928,41.794,42.665,43.542,44.42,45.303,46.189,47.079,47.968,48.86,49.722,50.511,51.298,52.085,52.871,53.657,54.439,55.219,55.997,56.774,57.544,58.313,59.118,59.919,60.712,61.501,62.284,63.061,63.83,64.593,65.348,66.097,66.826,67.54,68.236,68.915,69.576,70.221,70.848,71.459,72.052,72.629,73.189,73.733,74.261,74.772,75.268,
East Asia & Pacific (excluding high income),EAP,Urban population (% of total population),SP.URB.TOTL.IN.ZS,16.9511618131687,17.4240002796017,17.895906788159,18.3696744916475,18.8518596667106,18.7827942126573,18.7439622288292,18.7439526688509,18.7581482002381,18.7816402461317,18.8097839741778,18.8384648045647,18.887555239806,19.0223813178244,19.2335327676005,19.2975650082823,19.4619417727007,19.6314538529243,20.03694312448,20.6850081456248,21.3625946648549,22.0709784310614,22.7937245836048,23.419139213997,24.062707197109,24.7159964381735,25.3791398245552,26.0544583723562,26.7433917320689,27.4445771403528,28.158422830159,28.9364810452578,29.7376493638806,30.5513446025258,31.3772930190544,32.2147441850916,33.0676803640114,33.9300136462807,34.8081277500817,35.7008021708453,36.6172744751306,37.6453993908773,38.7527561796692,39.8724608531232,41.0033495519225,42.138525220804,43.2464228822115,44.3390203931955,45.4360027878237,46.5352874881402,47.6373514132382,48.6753704718916,49.6877540842409,50.6939122439898,51.6973010333851,52.695650436027,53.6897778094007,54.6759933117768,55.6392400876998,56.5760210675401,57.4845396808942,58.3655369003636,59.2214841637791,60.0489417681404,
Early-demographic dividend,EAR,Urban population (% of total population),SP.URB.TOTL.IN.ZS,22.8784811237719,23.1655715664594,23.4895231711328,23.8179551513059,24.1514815764335,24.4918755612815,24.8412127017781,25.1937754065066,25.5441231483193,25.8983224228539,26.2536042238288,26.6349283837884,27.0711118635302,27.5022273684067,27.9371169399425,28.2587258685918,28.7062482326157,29.1560211283457,29.6161443673104,30.0758554664074,30.5534955519865,31.0451678875902,31.4625046050792,31.8822332392915,32.3110402085368,32.7452620918487,33.1769957521146,33.5958007640802,34.0101459753495,34.4242412040147,34.8710688348765,35.2373931706686,35.5794727735744,35.9112310753669,36.2621035054067,36.6120282827981,36.932908945386,37.2531557271776,37.5833910365375,37.9140294954528,38.2479884233455,38.5738998095604,38.9324288858957,39.2908672452613,39.6553695908555,40.0254075283237,40.4041156940663,40.7769666713782,41.1574165001313,41.5380760267634,41.9029813707321,42.2694370720537,42.6346426000162,43.015949236188,43.4013542045574,43.8136019607097,44.2160174055837,44.6014670203505,44.9830331970367,45.3762640144949,45.7878149257313,46.185409692723,46.6251546023672,47.0682198755164,
East Asia & Pacific,EAS,Urban population (% of total population),SP.URB.TOTL.IN.ZS,22.6267323397035,23.2115995096024,23.7387746084707,24.2035243555501,24.6813962658881,24.6845580267208,24.6839727689632,24.7336250162333,24.8033654416995,24.8788871649915,24.9575643755775,25.0728146207895,25.1736774173782,25.3540608786301,25.6120144176865,25.7478921226008,25.9410704913014,26.1311408554202,26.5260860929343,27.1371756550631,27.7711591944604,28.4365326785258,29.1040425213775,29.6814834665431,30.2744282990656,30.8700720373226,31.4779922911234,32.1008072352063,32.7299241555748,33.3708351249505,34.0207088698266,34.7155809498157,35.4179741369576,36.1330020550468,36.8617685509504,37.6016118895962,38.3546723502604,39.1053281916166,39.8729274983048,40.6532788102548,41.4610353715653,42.4512936275273,43.5330300204815,44.6158597852124,45.7023209102196,46.7853720162275,47.8347136993276,48.8657980593705,49.8986960290053,50.9238337525509,51.9469002743605,52.873230697114,53.7643617758052,54.6496650596793,55.5360592269389,56.4205224809368,57.3027481588233,58.1765611121294,59.0346049837374,59.8725583443197,60.6822345154889,61.4594002340012,62.2257323013253,62.9823809878791,
Europe & Central Asia (excluding high income),ECA,Urban population (% of total population),SP.URB.TOTL.IN.ZS,38.7021152293627,39.3207644806972,39.9323705283941,40.5435061565799,41.1562774152946,41.799776759461,42.4800628793958,43.1783090629226,43.8771748758336,44.5705573022749,45.2577981018052,45.8953424483014,46.4921080328241,47.0841445032669,47.6695232413567,48.2128360125637,48.7141185278921,49.1918256922057,49.6673022506302,50.1051068162352,50.495900474325,51.1294253062017,51.8428179738707,52.5568593013403,53.2767948170889,53.9637109236398,54.5623936858157,55.1175452184096,55.6699744082895,56.1294969712327,56.4927476026318,56.7257182743949,56.9096032254028,57.1054333787151,57.2809015080174,57.4436700759071,57.5990532208175,57.7625056166617,57.9421177715216,58.140260811789,58.3666592478037,58.6209775891209,58.913248330494,59.2249325901426,59.5415479167573,59.8615335086151,60.1832466998389,60.4846267987071,60.8097209766359,61.1348068231508,61.4519143883621,61.732647511794,61.9656150114316,62.1908384208986,62.4124062868629,62.6317844561669,62.8526182504972,63.072832038895,63.3012882559489,63.5381111841023,63.7630363446656,63.9918896398853,64.1696236457986,64.3254436139662,
Europe & Central Asia,ECS,Urban population (% of total population),SP.URB.TOTL.IN.ZS,55.5531586331214,56.0815544679835,56.6083872671677,57.1606311646178,57.7116872718099,58.2714178777038,58.8284756694205,59.3714978423662,59.8960320214994,60.3908609619173,60.8808696480032,61.3551372579754,61.8177988250414,62.2682874560277,62.7089680668784,63.1166013337479,63.4982082315867,63.8825021103974,64.2714301018171,64.6253687500748,64.9328663633894,65.2722918593574,65.5756526282047,65.8613064427928,66.1363935183147,66.4014243571034,66.6607042905936,66.9403121507168,67.2191909207101,67.4173572425818,67.5617149596775,67.6950459424704,67.8061314924259,67.9120234110694,68.0232136292937,68.1327712809994,68.2368672231316,68.3436208688418,68.455044838065,68.5714218019653,68.699913182457,68.8544750740073,69.0541416669915,69.2635940307365,69.4759232853191,69.690961453835,69.9050546375869,70.1223865584287,70.3362357803475,70.5418207621997,70.7438067645058,70.9272351153772,71.1012232059316,71.2719146004369,71.4419389968593,71.6192623024742,71.801745874667,71.9882838029518,72.1818246275918,72.3830940725787,72.5854745019038,72.8021870551272,73.0427838423205,73.2784818081305,
Ecuador,ECU,Urban population (% of total population),SP.URB.TOTL.IN.ZS,33.878,34.466,35.06,35.606,36.122,36.64,37.162,37.686,38.215,38.744,39.278,39.813,40.352,40.892,41.457,42.363,43.276,44.191,45.111,46.034,46.961,47.888,48.818,49.658,50.438,51.215,51.993,52.769,53.546,54.318,55.09,55.709,56.226,56.74,57.254,57.766,58.277,58.785,59.291,59.796,60.299,60.799,61.118,61.316,61.514,61.711,61.907,62.104,62.3,62.495,62.69,62.851,62.988,63.125,63.261,63.398,63.534,63.67,63.821,63.986,64.166,64.361,64.57,64.792,
"Egypt, Arab Rep.",EGY,Urban population (% of total population),SP.URB.TOTL.IN.ZS,37.864,38.272,38.624,38.977,39.331,39.686,40.042,40.399,40.758,41.117,41.477,41.838,42.2,42.563,42.926,43.291,43.656,43.81,43.826,43.842,43.858,43.874,43.89,43.906,43.922,43.938,43.954,43.877,43.744,43.611,43.478,43.345,43.212,43.079,42.946,42.814,42.681,42.658,42.704,42.75,42.797,42.843,42.889,42.935,42.981,43.027,43.073,43.078,43.058,43.039,43.019,43,42.946,42.893,42.839,42.785,42.732,42.705,42.704,42.73,42.783,42.862,42.967,43.1,
Euro area,EMU,Urban population (% of total population),SP.URB.TOTL.IN.ZS,61.5989140348379,62.082395574484,62.5793427740466,63.1427769796598,63.7050412705651,64.2652682259879,64.8233339967682,65.3746341185727,65.8796331122695,66.3105174485487,66.7318813150293,67.1322516674239,67.4728390536132,67.7915966815168,68.0988628072456,68.3584713668916,68.5868897414306,68.836245796136,69.0873303994695,69.3369727205215,69.5853305174869,69.8303281520472,69.9870959150214,70.0987145868906,70.1699020015187,70.2259740203888,70.3183838886429,70.4894710909138,70.651688921255,70.7637966481984,70.9148936965099,71.0869764235838,71.245533806601,71.4103461896313,71.591092123119,71.7723044852666,71.9535595313909,72.1299808095528,72.3031613141413,72.4819824222129,72.6745214592449,72.8906760299051,73.1342914389354,73.3850845090813,73.6308379311167,73.8739003726557,74.1119602383603,74.3413271780104,74.5683364825383,74.7963440171524,75.0274125268731,75.2541229549631,75.4699145974474,75.6774129490489,75.8790748769607,76.0938455855491,76.3109869847735,76.5330323551854,76.7602257724378,77.0019990002021,77.237576107379,77.4745788094599,77.7142540022899,77.9563809114008,
Eritrea,ERI,Urban population (% of total population),SP.URB.TOTL.IN.ZS,9.799,10.114,10.438,10.772,11.115,11.466,11.828,12.2,12.358,12.517,12.678,12.841,13.006,13.173,13.341,13.511,13.684,13.857,14.033,14.211,14.39,14.572,14.755,14.94,15.182,15.757,16.351,16.962,17.592,18.239,18.905,19.59,20.294,21.015,21.755,22.514,23.293,24.088,24.903,25.735,26.587,27.455,28.341,29.244,30.164,31.099,32.051,33.017,34,34.585,35.175,35.771,36.372,36.979,37.59,38.206,38.827,39.451,40.08,40.712,41.347,41.985,42.625,43.267,
Spain,ESP,Urban population (% of total population),SP.URB.TOTL.IN.ZS,56.567,57.303,58.308,59.306,60.298,61.278,62.251,63.214,64.168,65.108,66.038,66.848,67.541,68.224,68.901,69.57,70.231,70.883,71.527,72.162,72.789,73.279,73.515,73.749,73.982,74.213,74.444,74.673,74.9,75.126,75.351,75.528,75.61,75.692,75.774,75.856,75.938,76.019,76.1,76.181,76.262,76.343,76.533,76.778,77.022,77.263,77.502,77.74,77.976,78.21,78.442,78.673,78.902,79.133,79.366,79.602,79.84,80.08,80.321,80.565,80.81,81.056,81.304,81.552,
Estonia,EST,Urban population (% of total population),SP.URB.TOTL.IN.ZS,57.533,58.304,59.072,59.836,60.596,61.348,62.097,62.839,63.577,64.307,64.947,65.483,66.017,66.545,67.069,67.589,68.106,68.617,69.124,69.497,69.711,69.924,70.136,70.347,70.558,70.767,70.975,71.183,71.39,71.415,71.231,71.046,70.86,70.674,70.487,70.3,70.111,69.923,69.733,69.543,69.368,69.242,69.116,68.989,68.862,68.735,68.607,68.479,68.351,68.223,68.094,67.965,67.974,68.122,68.269,68.416,68.563,68.717,68.88,69.051,69.229,69.415,69.609,69.81,
Ethiopia,ETH,Urban population (% of total population),SP.URB.TOTL.IN.ZS,6.433,6.65,6.874,7.104,7.342,7.587,7.84,8.1,8.26,8.422,8.588,8.756,8.928,9.102,9.279,9.46,9.644,9.83,10.02,10.214,10.41,10.61,10.813,11.02,11.232,11.453,11.679,11.909,12.143,12.38,12.621,12.867,13.116,13.37,13.627,13.827,14.006,14.186,14.369,14.553,14.74,14.927,15.118,15.31,15.504,15.7,15.899,16.116,16.51,16.91,17.319,17.735,18.16,18.575,18.998,19.428,19.866,20.31,20.763,21.225,21.695,22.174,22.661,23.157,
European Union,EUU,Urban population (% of total population),SP.URB.TOTL.IN.ZS,58.683851278509,59.2224359198533,59.7572715872214,60.3414249783147,60.9248157856746,61.5109841402173,62.0811688016023,62.6189616255052,63.1227916191935,63.5757658671769,64.0228377372326,64.4693494121661,64.8804945531598,65.2728830434736,65.6528474640996,65.9889780823305,66.2960151245066,66.6229670648396,66.9591162642209,67.2832582573038,67.5919957662218,67.8645829147077,68.060299597732,68.2235273066636,68.3568033021609,68.4798656157017,68.6302291375086,68.8393716267253,69.0445031634795,69.1991049638757,69.3690920054438,69.5590006501877,69.7158907976041,69.8456835061612,69.9860393033238,70.1268366665122,70.2668131567703,70.4015256475471,70.533151845158,70.6697632296034,70.8257617510047,71.0122843858538,71.2404387504196,71.462766793611,71.6810816966609,71.8998780569519,72.1165787877515,72.3363172684948,72.5549311128486,72.7632741378554,72.9721237218374,73.16775038702,73.3567329059977,73.539694393732,73.718578227178,73.9093394545118,74.1066695879016,74.3095469608047,74.5199347694147,74.7420903789598,74.9649568681208,75.2220512156265,75.4630131264519,75.7010243693148,
Fragile and conflict affected situations,FCS,Urban population (% of total population),SP.URB.TOTL.IN.ZS,22.2405728418584,22.673126420747,23.1025486075691,23.5411765295412,23.9786230219244,24.4418760565969,24.9024715679625,25.3658423849483,25.8205460420394,26.274349168387,26.7142878756453,27.176964850402,27.6375667269139,28.0749125307472,28.4538674628548,28.8305271997231,29.1984372486992,29.5618431375992,29.9156480707927,30.2612335077995,30.6464568023019,31.0887016142696,31.4818028949582,31.8960239564836,32.3715292027542,32.8488852312121,33.3357453663907,33.8253970874011,34.283673357212,34.6861397101002,35.1732040413618,35.4192260571769,35.6697487714404,35.916746261391,36.0811438392806,36.2173923810698,36.391552564702,36.5790281022391,36.7641634950648,36.9575140262642,37.1691912917702,37.4540643186163,37.7155534815033,37.9791887221475,38.25502259884,38.5403322301542,38.8139538806159,39.0465050357355,39.3944970504354,39.7494228049932,40.1115303645567,40.4284190361875,40.744224534,41.0947458588812,41.4493013991037,41.8328369417415,42.2140242756675,42.584318531394,42.927213828579,43.2680779543801,43.6394229966267,44.0421070914078,44.401646495307,44.7685871271884,
Finland,FIN,Urban population (% of total population),SP.URB.TOTL.IN.ZS,55.29,56.321,57.162,57.998,58.832,59.658,60.48,61.295,62.106,62.908,63.704,64.523,65.366,66.197,67.019,67.831,68.634,69.423,70.202,70.97,71.727,72.528,73.373,74.202,75.015,75.808,76.567,77.291,78,78.691,79.367,79.843,80.128,80.409,80.688,80.963,81.223,81.466,81.707,81.946,82.183,82.368,82.503,82.638,82.772,82.905,83.037,83.168,83.299,83.429,83.77,84.313,84.841,85.125,85.175,85.225,85.275,85.325,85.382,85.446,85.517,85.596,85.681,85.773,
Fiji,FJI,Urban population (% of total population),SP.URB.TOTL.IN.ZS,29.681,30.248,30.823,31.403,31.991,32.582,33.18,33.604,33.987,34.371,34.758,35.147,35.538,35.93,36.324,36.721,37.119,37.319,37.469,37.619,37.769,37.919,38.07,38.221,38.372,38.523,38.675,39.327,40.085,40.845,41.611,42.381,43.156,43.933,44.713,45.496,46.282,46.732,47.123,47.515,47.908,48.3,48.692,49.085,49.479,49.871,50.264,50.657,51.146,51.658,52.171,52.683,53.196,53.706,54.216,54.726,55.235,55.742,56.248,56.75,57.247,57.74,58.229,58.713,
France,FRA,Urban population (% of total population),SP.URB.TOTL.IN.ZS,61.88,62.607,63.489,64.702,65.898,67.071,68.225,69.357,70.238,70.648,71.055,71.459,71.86,72.256,72.65,72.926,72.997,73.068,73.14,73.211,73.282,73.352,73.425,73.5,73.575,73.65,73.725,73.8,73.875,73.95,74.056,74.229,74.401,74.572,74.743,74.912,75.082,75.25,75.417,75.614,75.871,76.127,76.38,76.632,76.883,77.13,77.377,77.621,77.868,78.117,78.369,78.622,78.878,79.135,79.394,79.655,79.917,80.18,80.444,80.709,80.975,81.242,81.509,81.777,
Faroe Islands,FRO,Urban population (% of total population),SP.URB.TOTL.IN.ZS,21.383,22.141,22.962,23.805,24.669,25.553,26.328,26.723,27.122,27.524,27.951,28.417,28.888,29.362,29.842,30.326,30.815,31.307,31.355,31.27,31.186,31.101,31.017,30.933,30.849,30.766,30.682,30.598,30.515,30.432,30.594,31.154,31.872,32.596,33.33,34.071,34.822,35.354,35.654,35.86,36.337,37.175,38.022,38.714,39.247,39.781,40.147,40.341,40.536,40.731,40.926,41.088,41.225,41.363,41.501,41.638,41.777,41.914,42.064,42.225,42.398,42.583,42.779,42.987,
"Micronesia, Fed. Sts.",FSM,Urban population (% of total population),SP.URB.TOTL.IN.ZS,22.312,22.553,22.797,23.042,23.289,23.537,23.788,24.04,24.295,24.551,24.808,25.068,25.33,25.593,25.741,25.858,25.975,26.092,26.209,26.327,26.445,26.417,26.35,26.283,26.216,26.149,26.083,26.016,25.95,25.884,25.818,25.752,25.686,25.62,25.554,25.068,24.473,23.889,23.314,22.749,22.33,22.33,22.33,22.33,22.33,22.33,22.324,22.317,22.311,22.305,22.298,22.305,22.324,22.355,22.399,22.456,22.526,22.608,22.703,22.812,22.933,23.068,23.217,23.379,
Gabon,GAB,Urban population (% of total population),SP.URB.TOTL.IN.ZS,17.398,18.33,19.594,20.923,22.318,23.775,25.297,26.883,28.533,30.237,32,34.082,36.231,38.43,40.681,42.971,45.295,47.633,49.985,52.337,54.682,57,58.372,59.73,61.076,62.402,63.711,65,66.412,67.792,69.143,70.462,71.749,72.999,73.921,74.797,75.654,76.49,77.306,78.102,78.879,79.633,80.368,81.083,81.778,82.452,83.107,83.742,84.359,84.955,85.533,86.092,86.634,87.156,87.651,88.118,88.559,88.976,89.37,89.741,90.092,90.423,90.735,91.029,
United Kingdom,GBR,Urban population (% of total population),SP.URB.TOTL.IN.ZS,78.444,78.374,78.237,78.099,77.96,77.821,77.682,77.541,77.4,77.259,77.117,77.03,77.195,77.358,77.521,77.683,77.844,78.005,78.164,78.323,78.481,78.588,78.539,78.489,78.44,78.39,78.34,78.29,78.24,78.19,78.14,78.112,78.172,78.232,78.293,78.353,78.413,78.472,78.532,78.591,78.651,78.751,79.047,79.339,79.629,79.915,80.199,80.479,80.757,81.031,81.302,81.57,81.837,82.102,82.365,82.626,82.886,83.143,83.398,83.652,83.903,84.152,84.398,84.642,
Georgia,GEO,Urban population (% of total population),SP.URB.TOTL.IN.ZS,43.069,43.559,44.051,44.544,45.039,45.534,46.03,46.527,47.025,47.522,48.006,48.474,48.942,49.409,49.876,50.344,50.812,51.279,51.747,52.156,52.497,52.836,53.176,53.516,53.855,54.194,54.532,54.87,55.208,55.277,55.038,54.799,54.559,54.32,54.08,53.841,53.6,53.36,53.12,52.879,52.638,52.398,52.441,52.83,53.218,53.605,53.992,54.379,54.765,55.15,55.535,55.919,56.303,56.685,57.067,57.448,57.837,58.231,58.632,59.039,59.453,59.872,60.297,60.727,
Ghana,GHA,Urban population (% of total population),SP.URB.TOTL.IN.ZS,23.252,23.797,24.352,24.915,25.488,26.067,26.656,27.254,27.86,28.473,28.958,29.174,29.392,29.61,29.829,30.049,30.27,30.492,30.714,30.938,31.163,31.388,31.614,31.842,32.209,32.896,33.591,34.293,35.004,35.719,36.441,37.17,37.905,38.644,39.39,40.14,40.896,41.654,42.418,43.184,43.929,44.601,45.275,45.951,46.63,47.308,47.988,48.669,49.351,50.031,50.713,51.394,52.073,52.748,53.419,54.086,54.749,55.407,56.06,56.707,57.349,57.985,58.615,59.238,
Gibraltar,GIB,Urban population (% of total population),SP.URB.TOTL.IN.ZS,100,100,100,100,100,100,100,100,100,100,100,100,100,100,100,100,100,100,100,100,100,100,100,100,100,100,100,100,100,100,100,100,100,100,100,100,100,100,100,100,100,100,100,100,100,100,100,100,100,100,100,100,100,100,100,100,100,100,100,100,100,100,100,100,
Guinea,GIN,Urban population (% of total population),SP.URB.TOTL.IN.ZS,10.472,10.936,11.418,11.919,12.439,12.978,13.537,14.116,14.716,15.336,15.977,16.641,17.327,18.033,18.763,19.515,20.291,21.087,21.907,22.75,23.617,24.503,25.414,26.072,26.346,26.621,26.898,27.178,27.459,27.741,28.026,28.312,28.601,28.89,29.182,29.475,29.77,30.052,30.323,30.595,30.869,31.144,31.42,31.698,31.977,32.257,32.539,32.822,33.106,33.391,33.678,33.966,34.255,34.545,34.836,35.141,35.46,35.793,36.14,36.5,36.875,37.264,37.668,38.085,
"Gambia, The",GMB,Urban population (% of total population),SP.URB.TOTL.IN.ZS,12.129,12.331,12.535,12.862,13.677,14.533,15.433,16.379,17.373,18.41,19.496,20.63,21.814,22.941,23.675,24.426,25.193,25.974,26.772,27.585,28.414,29.256,30.113,31.008,32.007,33.019,34.049,35.094,36.155,37.226,38.312,39.41,40.52,41.586,42.472,43.362,44.258,45.155,46.057,46.961,47.868,48.775,49.683,50.555,51.288,52.02,52.751,53.481,54.211,54.937,55.662,56.384,57.105,57.82,58.528,59.228,59.918,60.599,61.27,61.931,62.582,63.222,63.852,64.472,
Guinea-Bissau,GNB,Urban population (% of total population),SP.URB.TOTL.IN.ZS,13.6,13.747,13.895,14.045,14.197,14.349,14.503,14.658,14.815,14.972,15.132,15.293,15.455,15.618,15.783,15.95,16.118,16.287,16.457,16.77,17.804,18.883,20.013,21.194,22.426,23.704,25.034,26.413,27.841,29.312,30.83,32.39,33.271,33.635,34.002,34.371,34.742,35.114,35.488,35.865,36.243,36.622,37.004,37.387,37.772,38.157,38.545,38.934,39.325,39.716,40.111,40.508,40.908,41.31,41.715,42.123,42.533,42.945,43.36,43.777,44.196,44.617,45.041,45.466,
Equatorial Guinea,GNQ,Urban population (% of total population),SP.URB.TOTL.IN.ZS,25.537,26.144,26.234,26.323,26.413,26.502,26.592,26.682,26.773,26.863,26.954,27.045,27.136,27.227,27.319,27.41,27.502,27.594,27.687,27.779,27.872,27.965,28.058,28.151,29.028,29.94,30.871,31.817,32.78,33.755,34.745,35.748,36.766,37.792,38.831,40.494,42.187,43.893,45.616,47.35,49.092,50.832,52.573,54.307,56.033,57.74,59.431,61.1,62.745,64.358,65.94,67.488,69,69.544,70.083,70.616,71.138,71.646,72.143,72.627,73.1,73.561,74.01,74.448,
Greece,GRC,Urban population (% of total population),SP.URB.TOTL.IN.ZS,55.936,56.453,57.34,58.222,59.099,59.969,60.833,61.691,62.543,63.385,64.22,64.951,65.454,65.952,66.448,66.94,67.429,67.912,68.393,68.87,69.343,69.746,69.94,70.134,70.327,70.518,70.709,70.9,71.09,71.279,71.467,71.635,71.757,71.878,71.998,72.119,72.239,72.358,72.478,72.597,72.716,72.913,73.303,73.689,74.073,74.452,74.827,75.199,75.568,75.932,76.292,76.649,77.004,77.355,77.702,78.046,78.387,78.724,79.058,79.388,79.715,80.038,80.357,80.673,
Grenada,GRD,Urban population (% of total population),SP.URB.TOTL.IN.ZS,30.332,30.519,30.707,30.895,31.085,31.274,31.465,31.656,31.848,32.04,32.212,32.281,32.351,32.421,32.491,32.561,32.631,32.701,32.771,32.841,32.912,32.978,33.028,33.078,33.128,33.177,33.227,33.277,33.327,33.377,33.427,33.503,33.744,33.985,34.227,34.47,34.714,34.959,35.204,35.45,35.698,35.919,35.913,35.907,35.901,35.895,35.889,35.883,35.877,35.871,35.865,35.859,35.869,35.896,35.938,35.997,36.072,36.164,36.272,36.396,36.537,36.694,36.868,37.059,
Greenland,GRL,Urban population (% of total population),SP.URB.TOTL.IN.ZS,58.534,59.806,61.406,62.983,64.534,66.05,67.491,68.853,70.186,71.481,72.744,73.433,73.675,73.914,74.152,74.389,74.625,74.966,75.355,75.74,76.121,76.497,76.869,77.237,77.602,77.961,78.317,78.668,79.016,79.359,79.698,80.033,80.301,80.503,80.703,80.902,81.1,81.226,81.351,81.476,81.6,81.849,82.095,82.338,82.58,82.858,83.172,83.482,83.787,84.087,84.383,84.755,85.2,85.551,85.813,86.071,86.326,86.574,86.816,87.052,87.282,87.507,87.727,87.94,
Guatemala,GTM,Urban population (% of total population),SP.URB.TOTL.IN.ZS,31.121,31.768,32.424,33.086,33.682,33.989,34.298,34.608,34.919,35.232,35.545,35.861,36.177,36.494,36.809,37.125,37.443,37.762,38.081,38.402,38.724,39.047,39.37,39.695,40.021,40.347,40.674,41.002,41.332,41.661,41.992,42.323,42.655,42.987,43.32,43.654,43.989,44.323,44.659,44.995,45.332,45.668,46.005,46.318,46.616,46.913,47.21,47.508,47.807,48.104,48.403,48.701,49,49.311,49.634,49.971,50.319,50.68,51.054,51.439,51.836,52.245,52.666,53.098,
Guam,GUM,Urban population (% of total population),SP.URB.TOTL.IN.ZS,50.147,51.23,52.314,53.396,54.475,55.548,56.617,57.68,58.738,59.784,61.92,67.153,71.999,76.371,80.252,83.632,86.534,88.983,91.036,92.737,93.753,93.491,93.219,92.937,92.643,92.339,92.023,91.695,91.354,91.002,90.796,91.061,91.32,91.571,91.816,92.055,92.287,92.513,92.733,92.946,93.129,93.233,93.334,93.435,93.534,93.631,93.727,93.822,93.916,94.008,94.099,94.188,94.277,94.364,94.449,94.534,94.617,94.699,94.78,94.859,94.938,95.015,95.091,95.166,
Guyana,GUY,Urban population (% of total population),SP.URB.TOTL.IN.ZS,29.009,29.049,29.089,29.129,29.169,29.209,29.249,29.289,29.329,29.369,29.425,29.533,29.641,29.75,29.858,29.967,30.076,30.186,30.295,30.405,30.488,30.396,30.305,30.215,30.124,30.033,29.943,29.853,29.763,29.673,29.583,29.493,29.404,29.315,29.226,29.137,29.048,28.959,28.871,28.782,28.694,28.606,28.518,28.307,28.064,27.822,27.582,27.343,27.105,26.869,26.634,26.4,26.4,26.4,26.414,26.441,26.482,26.538,26.606,26.689,26.786,26.897,27.022,27.162,
High income,HIC,Urban population (% of total population),SP.URB.TOTL.IN.ZS,61.428418638146,61.9892714153619,62.5545200871127,63.1333624893877,63.7114127016559,64.2864329781302,64.848808140897,65.4176470991791,65.9716856510724,66.4997981478152,67.0106126027497,67.4719257367342,67.9018444951452,68.3229439472689,68.7396612605072,69.1421117760047,69.493989285811,69.841066242333,70.1927048679538,70.526547189053,70.8416015068945,71.1729579942635,71.4672184100494,71.7445351991405,72.0095403724484,72.2691277537637,72.5527471968884,72.8613389791793,73.15977395678,73.4092643652473,73.6333061395649,73.881616235559,74.1165479100605,74.3332916216047,74.5515847570897,74.7692446328813,74.979011278511,75.1783192366757,75.3761098210222,75.5732786970869,75.76833254149,76.0715021413594,76.4243897025444,76.7592977050715,77.0848243352813,77.4004331547082,77.6933003369063,77.977326181018,78.2526421679229,78.5123493553424,78.7585180108625,78.9490219795864,79.1144652006931,79.2793264482919,79.4448156633515,79.619215564858,79.797022565174,79.975248074249,80.1536610685452,80.34306723881,80.5376121587155,80.7289731442237,80.9370089189055,81.1523690050232,
"Hong Kong SAR, China",HKG,Urban population (% of total population),SP.URB.TOTL.IN.ZS,85.2,85.293,85.582,85.867,86.147,86.422,86.692,86.958,87.22,87.476,87.729,88.039,88.474,88.894,89.301,89.695,90.077,90.445,90.801,91.145,91.478,91.794,92.09,92.376,92.653,92.92,94.248,96.86,98.309,99.094,99.517,99.832,99.979,100,100,100,100,100,100,100,100,100,100,100,100,100,100,100,100,100,100,100,100,100,100,100,100,100,100,100,100,100,100,100,
Honduras,HND,Urban population (% of total population),SP.URB.TOTL.IN.ZS,22.747,23.318,23.9,24.491,25.094,25.704,26.325,26.955,27.596,28.244,28.902,29.569,30.246,30.93,31.571,32.11,32.653,33.2,33.752,34.309,34.87,35.435,36.004,36.577,37.155,37.735,38.319,38.907,39.481,39.969,40.46,40.953,41.448,41.943,42.441,42.941,43.442,43.944,44.447,44.952,45.458,45.964,46.61,47.267,47.927,48.585,49.245,49.905,50.566,51.225,51.885,52.543,53.202,53.858,54.514,55.165,55.813,56.457,57.096,57.73,58.359,58.982,59.6,60.212,
Heavily indebted poor countries (HIPC),HPC,Urban population (% of total population),SP.URB.TOTL.IN.ZS,12.4188743674623,12.7660052269012,13.1225064275502,13.4968536853881,13.894014808605,14.3054475637109,14.7128453698059,15.1339422862543,15.5676302858936,16.0169851941923,16.4497983654086,16.8894173424512,17.3382119184104,17.7902968626254,18.2242405616068,18.6659795931818,19.114651646093,19.5627846931981,20.0278897675283,20.4325797178612,20.859071712916,21.2700857454597,21.6603073020714,22.087971103515,22.5631337912945,23.0801268893244,23.5964307652328,24.0989886190868,24.5843765172005,25.02971767809,25.4610376793832,25.8417989185358,26.2192942193122,26.5825676165241,26.9515537750486,27.293129729869,27.551870433657,27.8343530529652,28.1348226871196,28.4385651468002,28.7512066462091,29.0997842101013,29.4405452459864,29.7848750098507,30.1319847165404,30.50070559239,30.8754644673954,31.1918387091867,31.6240989205184,32.0530756202667,32.491512966673,32.9335581402091,33.3590439921106,33.7920341062954,34.2342020425185,34.6901904052385,35.1570287833477,35.6246731078244,36.0931323349764,36.5663214736184,37.0465389661088,37.5368693810027,38.0398695478936,38.5476985045553,
